,News Source,Overall Average Score
0,BBC,0.012155000000000001
1,CBS,0.08637
2,CNN,-0.03167499999999998
3,Fox News,0.004769999999999999
4,The New York Times,0.11413500000000003
