,News Source,Overall Average Score
0,BBC,0.012155000000000001
1,CBS,0.08637
2,CNN,-0.05274999999999998
3,Fox News,-0.013789999999999998
4,The New York Times,0.08061000000000001
5,BBC,0.012155000000000001
6,CBS,0.08637
7,CNN,-0.05274999999999998
8,Fox News,-0.013789999999999998
9,The New York Times,0.08061000000000001
